index,group,family,subfamily,protein,uniprot
1,AGC,AKT,,,
2,AGC,AKT,,AKT1 (PKBα),P31749
3,AGC,AKT,,AKT2 (PKBβ),P31751
4,AGC,AKT,,AKT3 (PKBγ),Q9Y243
5,AGC,DMPK,,,
6,AGC,DMPK,CRIK,,
7,AGC,DMPK,CRIK,CIT (CRIK),O14578
8,AGC,DMPK,GEK,,
9,AGC,DMPK,GEK,CDC42BPA (MRCKα),Q5VT25
10,AGC,DMPK,GEK,CDC42BPB (MRCKβ),Q9Y5S2
11,AGC,DMPK,GEK,CDC42BPG (DMPK2),Q6DT37
12,AGC,DMPK,GEK,DMPK,Q09013
13,AGC,DMPK,ROCK,,
14,AGC,DMPK,ROCK,ROCK1,Q13464
15,AGC,DMPK,ROCK,ROCK2,O75116
16,AGC,GRK,,,
17,AGC,GRK,BARK,,
18,AGC,GRK,BARK,GRK2 (BARK1),P25098
19,AGC,GRK,BARK,GRK3 (BARK2),P35626
20,AGC,GRK,GRK,,
21,AGC,GRK,GRK,GRK1 (RHOK),Q15835
22,AGC,GRK,GRK,GRK4,P32298
23,AGC,GRK,GRK,GRK5,P34947
24,AGC,GRK,GRK,GRK6,P43250
25,AGC,GRK,GRK,GRK7,Q8WTQ7
26,AGC,MAST,,,
27,AGC,MAST,MAST,,
28,AGC,MAST,MAST,MAST1,Q9Y2H9
29,AGC,MAST,MAST,MAST2,Q6P0Q8
30,AGC,MAST,MAST,MAST3,O60307
31,AGC,MAST,MAST,MAST4,O15021
32,AGC,MAST,MASTL,,
33,AGC,MAST,MASTL,MASTL,Q96GX5
34,AGC,NDR,,,
35,AGC,NDR,LATS,,
36,AGC,NDR,LATS,LATS1,O95835
37,AGC,NDR,LATS,LATS2,Q9NRM7
38,AGC,NDR,NDR,,
39,AGC,NDR,NDR,STK38 (NDR1),Q15208
40,AGC,NDR,NDR,STK38L (NDR2),Q9Y2H1
41,AGC,PDK1,,,
42,AGC,PDK1,,PDPK1,O15530
43,AGC,PDK1,,PDPK2P,Q6A1A2
44,AGC,PKA,,,
45,AGC,PKA,,PRKACA (PKAα),P17612
46,AGC,PKA,,PRKACB (PKAβ),P22694
47,AGC,PKA,,PRKACG (PKAγ),P22612
48,AGC,PKA,,PRKX,P51817
49,AGC,PKA,,PRKY,O43930
50,AGC,PKC,,,
51,AGC,PKC,PKCa,,
52,AGC,PKC,PKCa,PRKCA (PKCα),P17252
53,AGC,PKC,PKCa,PRKCB (PKCβ),P05771
54,AGC,PKC,PKCa,PRKCG (PKCγ),P05129
55,AGC,PKC,PKCd,,
56,AGC,PKC,PKCd,PRKCD (PKCδ),Q05655
57,AGC,PKC,PKCd,PRKCQ (PKCθ),Q04759
58,AGC,PKC,PKCh,,
59,AGC,PKC,PKCh,PRKCE (PKCε),Q02156
60,AGC,PKC,PKCh,PRKCH (PKCη),P24723
61,AGC,PKC,PKCi,,
62,AGC,PKC,PKCi,PRKCI (PKCι),P41743
63,AGC,PKC,PKCi,PRKCZ (PKCζ),Q05513
64,AGC,PKG,,,
65,AGC,PKG,,PRKG1 (PKG1),Q13976
66,AGC,PKG,,PRKG2 (PKG2),Q13237
67,AGC,PKN,,,
68,AGC,PKN,,PKN1 (PRK1),Q16512
69,AGC,PKN,,PKN2 (PRK2),Q16513
70,AGC,PKN,,PKN3,Q6P5Z2
71,AGC,RSK,,,
72,AGC,RSK,MSK,,
73,AGC,RSK,MSK,RPS6KA4 (MSK2),O75676
74,AGC,RSK,MSK,RPS6KA5 (MSK1),O75582
75,AGC,RSK,RSKp70,,
76,AGC,RSK,RSKp70,RPS6KB1 (p70S6K),P23443
77,AGC,RSK,RSKp70,RPS6KB2 (p70S6Kβ),Q9UBS0
78,AGC,RSK,RSKp90,,
79,AGC,RSK,RSKp90,RPS6KA1 (RSK1),Q15418
80,AGC,RSK,RSKp90,RPS6KA2 (RSK3),Q15349
81,AGC,RSK,RSKp90,RPS6KA3 (RSK2),P51812
82,AGC,RSK,RSKp90,RPS6KA6 (RSK4),Q9UK32
83,AGC,RSKL,,,
84,AGC,RSKL,,RPS6KC1 (RSKL1),Q96S38
85,AGC,RSKL,,RPS6KL1 (RSKL2),Q9Y6S9
86,AGC,RSKR,,,
87,AGC,RSKR,,RSKR (SgK494),Q96LW2
88,AGC,SGK,,,
89,AGC,SGK,,SGK1,O00141
90,AGC,SGK,,SGK2,Q9HBY8
91,AGC,SGK,,SGK3,Q96BR1
92,AGC,YANK,,,
93,AGC,YANK,,STK32A (YANK1),Q8WU08
94,AGC,YANK,,STK32B (YANK2),Q9NY57
95,AGC,YANK,,STK32C (YANK3),Q86UX6
96,CAMK,CAMK1,,,
97,CAMK,CAMK1,,CAMK1 (CaMK1α),Q14012
98,CAMK,CAMK1,,CAMK1D (CaMK1δ),Q8IU85
99,CAMK,CAMK1,,CAMK1G (CaMK1γ),Q96NX5
100,CAMK,CAMK1,,CAMK4,Q16566
101,CAMK,CAMK1,,PNCK (CaMK1β),Q6P2M8
102,CAMK,CAMK2,,,
103,CAMK,CAMK2,,CAMK2A (CaMK2α),Q9UQM7
104,CAMK,CAMK2,,CAMK2B (CaMK2β),Q13554
105,CAMK,CAMK2,,CAMK2D (CaMK2δ),Q13557
106,CAMK,CAMK2,,CAMK2G (CaMK2γ),Q13555
107,CAMK,CAMKL,,,
108,CAMK,CAMKL,AMPK,,
109,CAMK,CAMKL,AMPK,PRKAA1 (AMPKα1),Q13131
110,CAMK,CAMKL,AMPK,PRKAA2 (AMPKα2),P54646
111,CAMK,CAMKL,BRSK,,
112,CAMK,CAMKL,BRSK,BRSK1,Q8TDC3
113,CAMK,CAMKL,BRSK,BRSK2,Q8IWQ3
114,CAMK,CAMKL,CHK1,,
115,CAMK,CAMKL,CHK1,CHEK1 (CHK1),O14757
116,CAMK,CAMKL,HUNK,,
117,CAMK,CAMKL,HUNK,HUNK,P57058
118,CAMK,CAMKL,LKB,,
119,CAMK,CAMKL,LKB,STK11 (Lkb1),Q15831
120,CAMK,CAMKL,MARK,,
121,CAMK,CAMKL,MARK,MARK1,Q9P0L2
122,CAMK,CAMKL,MARK,MARK2,Q7KZI7
123,CAMK,CAMKL,MARK,MARK3,P27448
124,CAMK,CAMKL,MARK,MARK4,Q96L34
125,CAMK,CAMKL,MELK,,
126,CAMK,CAMKL,MELK,MELK,Q14680
127,CAMK,CAMKL,NIM1,,
128,CAMK,CAMKL,NIM1,NIM1K (NIM1),Q8IY84
129,CAMK,CAMKL,NuaK,,
130,CAMK,CAMKL,NuaK,NUAK1,O60285
131,CAMK,CAMKL,NuaK,NUAK2,Q9H093
132,CAMK,CAMKL,PASK,,
133,CAMK,CAMKL,PASK,PASK,Q96RG2
134,CAMK,CAMKL,QIK,,
135,CAMK,CAMKL,QIK,SIK1 (SIK),P57059
136,CAMK,CAMKL,QIK,SIK1B,A0A0B4J2F2
137,CAMK,CAMKL,QIK,SIK2 (QIK),Q9H0K1
138,CAMK,CAMKL,QIK,SIK3 (QSK),Q9Y2K2
139,CAMK,CAMKL,SNRK,,
140,CAMK,CAMKL,SNRK,SNRK,Q9NRH2
141,CAMK,CASK,,,
142,CAMK,CASK,,CASK,O14936
143,CAMK,DAPK,,,
144,CAMK,DAPK,DAPK,,
145,CAMK,DAPK,DAPK,DAPK1,P53355
146,CAMK,DAPK,DAPK,DAPK2,Q9UIK4
147,CAMK,DAPK,DAPK,DAPK3,O43293
148,CAMK,DAPK,DRAK,,
149,CAMK,DAPK,DRAK,STK17A (DRAK1),Q9UEE5
150,CAMK,DAPK,DRAK,STK17B (DRAK2),O94768
151,CAMK,DCAMKL,,,
152,CAMK,DCAMKL,,DCLK1 (DCAMKL1),O15075
153,CAMK,DCAMKL,,DCLK2 (DCAMKL2),Q8N568
154,CAMK,DCAMKL,,DCLK3 (DCAMKL3),Q9C098
155,CAMK,MAPKAPK,,,
156,CAMK,MAPKAPK,MK2,,
157,CAMK,MAPKAPK,MK2,MAPKAPK2,P49137
158,CAMK,MAPKAPK,MK2,MAPKAPK3,Q16644
159,CAMK,MAPKAPK,MK5,,
160,CAMK,MAPKAPK,MK5,MAPKAPK5,Q8IW41
161,CAMK,MAPKAPK,MNK,,
162,CAMK,MAPKAPK,MNK,MKNK1 (MNK1),Q9BUB5
163,CAMK,MAPKAPK,MNK,MKNK2 (MNK2),Q9HBH9
164,CAMK,MLCK,,,
165,CAMK,MLCK,,MYLK (smMLCK),Q15746
166,CAMK,MLCK,,MYLK2 (skMLCK),Q9H1R3
167,CAMK,MLCK,,MYLK3 (caMLCK),Q32MK0
168,CAMK,MLCK,,MYLK4 (SgK085),Q86YV6
169,CAMK,MLCK,,TTN,Q8WZ42
170,CAMK,PHK,,,
171,CAMK,PHK,,PHKG1 (PhKγ1),Q16816
172,CAMK,PHK,,PHKG2 (PhKγ2),P15735
173,CAMK,PIM,,,
174,CAMK,PIM,,PIM1,P11309
175,CAMK,PIM,,PIM2,Q9P1W9
176,CAMK,PIM,,PIM3,Q86V86
177,CAMK,PKD,,,
178,CAMK,PKD,,PRKD1 (PKD1),Q15139
179,CAMK,PKD,,PRKD2 (PKD2),Q9BZL6
180,CAMK,PKD,,PRKD3 (PKD3),O94806
181,CAMK,PSK,,,
182,CAMK,PSK,,PSKH1,P11801
183,CAMK,PSK,,PSKH2,Q96QS6
184,CAMK,RAD53,,,
185,CAMK,RAD53,,CHEK2 (CHK2),O96017
186,CAMK,RSKb,,,
187,CAMK,RSKb,MSKb,,
188,CAMK,RSKb,MSKb,RPS6KA4-b (MSK2~b),O75676
189,CAMK,RSKb,MSKb,RPS6KA5-b (MSK1~b),O75582
190,CAMK,RSKb,RSKb,,
191,CAMK,RSKb,RSKb,RPS6KA1-b (RSK1~b),Q15418
192,CAMK,RSKb,RSKb,RPS6KA2-b (RSK3~b),Q15349
193,CAMK,RSKb,RSKb,RPS6KA3-b (RSK2~b),P51812
194,CAMK,RSKb,RSKb,RPS6KA6-b (RSK4~b),Q9UK32
195,CAMK,SGK495,,,
196,CAMK,SGK495,,STK40 (SgK495),Q8N2I9
197,CAMK,STK33,,,
198,CAMK,STK33,,STK33,Q9BYT3
199,CAMK,TRBL,,,
200,CAMK,TRBL,,TRIB1 (Trb1),Q96RU8
201,CAMK,TRBL,,TRIB2 (Trb2),Q92519
202,CAMK,TRBL,,TRIB3 (Trb3),Q96RU7
203,CAMK,TRIO,,,
204,CAMK,TRIO,,KALRN (Trad),O60229
205,CAMK,TRIO,,OBSCN,Q5VST9
206,CAMK,TRIO,,OBSCN-b (Obscn~b),Q5VST9
207,CAMK,TRIO,,SPEG,Q15772
208,CAMK,TRIO,,SPEG-b (SPEG~b),Q15772
209,CAMK,TRIO,,TRIO,O75962
210,CAMK,TSSK,,,
211,CAMK,TSSK,,TSSK1B (TSSK1),Q9BXA7
212,CAMK,TSSK,,TSSK2,Q96PF2
213,CAMK,TSSK,,TSSK3,Q96PN8
214,CAMK,TSSK,,TSSK4,Q6SA08
215,CAMK,TSSK,,TSSK6 (SSTK),Q9BXA6
216,CAMK,CAMK-Unique,,,
217,CAMK,CAMK-Unique,,CAMKV (VACAMKL),Q8NCB2
218,CK1,CK1,,,
219,CK1,CK1,CK1-A,,
220,CK1,CK1,CK1-A,CSNK1A1 (CK1α),P48729
221,CK1,CK1,CK1-A,CSNK1A1L (CK1α2),Q8N752
222,CK1,CK1,CK1-D,,
223,CK1,CK1,CK1-D,CSNK1D (CK1δ),P48730
224,CK1,CK1,CK1-D,CSNK1E (CK1ε),P49674
225,CK1,CK1,CK1-G,,
226,CK1,CK1,CK1-G,CSNK1G1 (CK1γ1),Q9HCP0
227,CK1,CK1,CK1-G,CSNK1G2 (CK1γ2),P78368
228,CK1,CK1,CK1-G,CSNK1G3 (CK1γ3),Q9Y6M4
229,CK1,TTBK,,,
230,CK1,TTBK,,TTBK1,Q5TCY1
231,CK1,TTBK,,TTBK2,Q6IQ55
232,CK1,VRK,,,
233,CK1,VRK,,VRK1,Q99986
234,CK1,VRK,,VRK2,Q86Y07
235,CK1,VRK,,VRK3,Q8IV63
236,CMGC,CDK,,,
237,CMGC,CDK,CCRK,,
238,CMGC,CDK,CCRK,CDK20 (CCRK),Q8IZL9
239,CMGC,CDK,CDC2,,
240,CMGC,CDK,CDC2,CDK1 (CDC2),P06493
241,CMGC,CDK,CDK2,,
242,CMGC,CDK,CDK2,CDK2,P24941
243,CMGC,CDK,CDK2,CDK3,Q00526
244,CMGC,CDK,CDK4,,
245,CMGC,CDK,CDK4,CDK4,P11802
246,CMGC,CDK,CDK4,CDK6,Q00534
247,CMGC,CDK,CDK5,,
248,CMGC,CDK,CDK5,CDK5,Q00535
249,CMGC,CDK,CDK7,,
250,CMGC,CDK,CDK7,CDK7,P50613
251,CMGC,CDK,CDK8,,
252,CMGC,CDK,CDK8,CDK19 (CDK11),Q9BWU1
253,CMGC,CDK,CDK8,CDK8,P49336
254,CMGC,CDK,CDK9,,
255,CMGC,CDK,CDK9,CDK9,P50750
256,CMGC,CDK,CDK10,,
257,CMGC,CDK,CDK10,CDK10,Q15131
258,CMGC,CDK,CDK11,,
259,CMGC,CDK,CDK11,CDK11A,Q9UQ88
260,CMGC,CDK,CDK11,CDK11B (PITSLRE),P21127
261,CMGC,CDK,CRK7,,
262,CMGC,CDK,CRK7,CDK12 (CRK7),Q9NYV4
263,CMGC,CDK,CRK7,CDK13 (CHED),Q14004
264,CMGC,CDK,PCTAIRE,,
265,CMGC,CDK,PCTAIRE,CDK16 (PCTAIRE1),Q00536
266,CMGC,CDK,PCTAIRE,CDK17 (PCTAIRE2),Q00537
267,CMGC,CDK,PCTAIRE,CDK18 (PCTAIRE3),Q07002
268,CMGC,CDK,PFTAIRE,,
269,CMGC,CDK,PFTAIRE,CDK14 (PFTAIRE1),O94921
270,CMGC,CDK,PFTAIRE,CDK15 (PFTAIRE2),Q96Q40
271,CMGC,CDKL,,,
272,CMGC,CDKL,,CDKL1,Q00532
273,CMGC,CDKL,,CDKL2,Q92772
274,CMGC,CDKL,,CDKL3,Q8IVW4
275,CMGC,CDKL,,CDKL4,Q5MAI5
276,CMGC,CDKL,,CDKL5,O76039
277,CMGC,CK2,,,
278,CMGC,CK2,,CSNK2A1 (CK2α1),P68400
279,CMGC,CK2,,CSNK2A2 (CK2α2),P19784
280,CMGC,CK2,,CSNK2A3,Q8NEV1
281,CMGC,CLK,,,
282,CMGC,CLK,,CLK1,P49759
283,CMGC,CLK,,CLK2,P49760
284,CMGC,CLK,,CLK3,P49761
285,CMGC,CLK,,CLK4,Q9HAZ1
286,CMGC,DYRK,,,
287,CMGC,DYRK,Dyrk1,,
288,CMGC,DYRK,Dyrk1,DYRK1A,Q13627
289,CMGC,DYRK,Dyrk1,DYRK1B,Q9Y463
290,CMGC,DYRK,Dyrk2,,
291,CMGC,DYRK,Dyrk2,DYRK2,Q92630
292,CMGC,DYRK,Dyrk2,DYRK3,O43781
293,CMGC,DYRK,Dyrk2,DYRK4,Q9NR20
294,CMGC,DYRK,HIPK,,
295,CMGC,DYRK,HIPK,HIPK1,Q86Z02
296,CMGC,DYRK,HIPK,HIPK2,Q9H2X6
297,CMGC,DYRK,HIPK,HIPK3,Q9H422
298,CMGC,DYRK,HIPK,HIPK4,Q8NE63
299,CMGC,DYRK,PRP4,,
300,CMGC,DYRK,PRP4,PRPF4B (PRP4),Q13523
301,CMGC,GSK,,,
302,CMGC,GSK,,GSK3A (GSK3α),P49840
303,CMGC,GSK,,GSK3B (GSK3β),P49841
304,CMGC,MAPK,,,
305,CMGC,MAPK,ERK1,,
306,CMGC,MAPK,ERK1,MAPK1 (Erk2),P28482
307,CMGC,MAPK,ERK1,MAPK3 (Erk1),P27361
308,CMGC,MAPK,ERK3,,
309,CMGC,MAPK,ERK3,MAPK4 (Erk4),P31152
310,CMGC,MAPK,ERK3,MAPK6 (Erk3),Q16659
311,CMGC,MAPK,ERK5,,
312,CMGC,MAPK,ERK5,MAPK7 (Erk5),Q13164
313,CMGC,MAPK,Erk7,,
314,CMGC,MAPK,Erk7,MAPK15 (Erk7),Q8TD08
315,CMGC,MAPK,JNK,,
316,CMGC,MAPK,JNK,MAPK8 (JNK1),P45983
317,CMGC,MAPK,JNK,MAPK9 (JNK2),P45984
318,CMGC,MAPK,JNK,MAPK10 (JNK3),P53779
319,CMGC,MAPK,NMO,,
320,CMGC,MAPK,NMO,NLK,Q9UBE8
321,CMGC,MAPK,P38,,
322,CMGC,MAPK,P38,MAPK11 (p38β),Q15759
323,CMGC,MAPK,P38,MAPK12 (p38γ),P53778
324,CMGC,MAPK,P38,MAPK13 (p38δ),O15264
325,CMGC,MAPK,P38,MAPK14 (p38α),Q16539
326,CMGC,RCK,,,
327,CMGC,RCK,MAK,,
328,CMGC,RCK,MAK,ICK,Q9UPZ9
329,CMGC,RCK,MAK,MAK,P20794
330,CMGC,RCK,MOK,,
331,CMGC,RCK,MOK,MOK,Q9UQ07
332,CMGC,SRPK,,,
333,CMGC,SRPK,,SRPK1,Q96SB4
334,CMGC,SRPK,,SRPK2,P78362
335,CMGC,SRPK,,SRPK3 (MSSK1),Q9UPE1
336,STE,STE7,,,
337,STE,STE7,MEK1,,
338,STE,STE7,MEK1,MAP2K1 (MEK1),Q02750
339,STE,STE7,MEK1,MAP2K2 (MEK2),P36507
340,STE,STE7,MEK3,,
341,STE,STE7,MEK3,MAP2K3 (MKK3),P46734
342,STE,STE7,MEK3,MAP2K6 (MKK6),P52564
343,STE,STE7,MEK4,,
344,STE,STE7,MEK4,MAP2K4 (SEK1),P45985
345,STE,STE7,MEK5,,
346,STE,STE7,MEK5,MAP2K5,Q13163
347,STE,STE7,MEK7,,
348,STE,STE7,MEK7,MAP2K7,O14733
349,STE,STE11,,,
350,STE,STE11,ASK,,
351,STE,STE11,ASK,MAP3K5 (ASK),Q99683
352,STE,STE11,ASK,MAP3K6 (MEKK6),O95382
353,STE,STE11,ASK,MAP3K15,Q6ZN16
354,STE,STE11,MEKK1,,
355,STE,STE11,MEKK1,MAP3K1 (MEKK1),Q13233
356,STE,STE11,MEKK2,,
357,STE,STE11,MEKK2,MAP3K2 (MEKK2),Q9Y2U5
358,STE,STE11,MEKK2,MAP3K3 (MEKK3),Q99759
359,STE,STE11,MEKK4,,
360,STE,STE11,MEKK4,MAP3K4,Q9Y6R4
361,STE,STE11,MEKK15,,
362,STE,STE11,MEKK15,MAP3K19 (MEKK15),Q56UN5
363,STE,STE20,,,
364,STE,STE20,FRAY,,
365,STE,STE20,FRAY,OXSR1 (OSR1),O95747
366,STE,STE20,FRAY,STK39 (STLK3),Q9UEW8
367,STE,STE20,KHS,,
368,STE,STE20,KHS,MAP4K1 (HPK1),Q92918
369,STE,STE20,KHS,MAP4K2 (GCK),Q12851
370,STE,STE20,KHS,MAP4K3 (KHS2),Q8IVH8
371,STE,STE20,KHS,MAP4K5 (KHS1),Q9Y4K4
372,STE,STE20,MSN,,
373,STE,STE20,MSN,MAP4K4 (HGK),O95819
374,STE,STE20,MSN,MINK1 (MINK),Q8N4C8
375,STE,STE20,MSN,NRK (ZC4),Q7Z2Y5
376,STE,STE20,MSN,TNIK (ZC2),Q9UKE5
377,STE,STE20,MST,,
378,STE,STE20,MST,STK3 (MST2),Q13188
379,STE,STE20,MST,STK4 (MST1),Q13043
380,STE,STE20,NinaC,,
381,STE,STE20,NinaC,MYO3A,Q8NEV4
382,STE,STE20,NinaC,MYO3B,Q8WXR4
383,STE,STE20,PAKA,,
384,STE,STE20,PAKA,PAK1,Q13153
385,STE,STE20,PAKA,PAK2,Q13177
386,STE,STE20,PAKA,PAK3,O75914
387,STE,STE20,PAKB,,
388,STE,STE20,PAKB,PAK4,O96013
389,STE,STE20,PAKB,PAK5,Q9P286
390,STE,STE20,PAKB,PAK6,Q9NQU5
391,STE,STE20,SLK,,
392,STE,STE20,SLK,SLK,Q9H2G2
393,STE,STE20,SLK,STK10 (LOK),O94804
394,STE,STE20,STLK,,
395,STE,STE20,STLK,STRADA (STLK5),Q7RTN6
396,STE,STE20,STLK,STRADB (STLK6),Q9C0K7
397,STE,STE20,TAO,,
398,STE,STE20,TAO,TAOK1 (TAO1),Q7L7X3
399,STE,STE20,TAO,TAOK2 (TAO2),Q9UL54
400,STE,STE20,TAO,TAOK3 (TAO3),Q9H2K8
401,STE,STE20,YSK,,
402,STE,STE20,YSK,STK24 (MST3),Q9Y6E0
403,STE,STE20,YSK,STK25 (YSK1),O00506
404,STE,STE20,YSK,STK26 (MST4),Q9P289
405,STE,STE-Unique,,,
406,STE,STE-Unique,,EIF2AK4-b (GCN2~b),Q9P2K8
407,STE,STE-Unique,,MAP3K14 (NIK),Q99558
408,STE,STE-Unique,,MAP3K8 (COT),P41279
409,TK,ABL,,,
410,TK,ABL,,ABL1 (Abl),P00519
411,TK,ABL,,ABL2 (Arg),P42684
412,TK,ACK,,,
413,TK,ACK,,TNK1,Q13470
414,TK,ACK,,TNK2 (Ack),Q07912
415,TK,ALK,,,
416,TK,ALK,,ALK,Q9UM73
417,TK,ALK,,LTK,P29376
418,TK,AXL,,,
419,TK,AXL,,AXL,P30530
420,TK,AXL,,MERTK (Mer),Q12866
421,TK,AXL,,TYRO3 (Sky),Q06418
422,TK,CCK4,,,
423,TK,CCK4,,PTK7 (CCK4),Q13308
424,TK,CSK,,,
425,TK,CSK,,CSK,P41240
426,TK,CSK,,MATK (CTK),P42679
427,TK,DDR,,,
428,TK,DDR,,DDR1,Q08345
429,TK,DDR,,DDR2,Q16832
430,TK,EGFR,,,
431,TK,EGFR,,EGFR,P00533
432,TK,EGFR,,ERBB2 (HER2),P04626
433,TK,EGFR,,ERBB3 (HER3),P21860
434,TK,EGFR,,ERBB4 (HER4),Q15303
435,TK,EPH,,,
436,TK,EPH,,EPHA1,P21709
437,TK,EPH,,EPHA2,P29317
438,TK,EPH,,EPHA3,P29320
439,TK,EPH,,EPHA4,P54764
440,TK,EPH,,EPHA5,P54756
441,TK,EPH,,EPHA6,Q9UF33
442,TK,EPH,,EPHA7,Q15375
443,TK,EPH,,EPHA8,P29322
444,TK,EPH,,EPHA10,Q5JZY3
445,TK,EPH,,EPHB1,P54762
446,TK,EPH,,EPHB2,P29323
447,TK,EPH,,EPHB3,P54753
448,TK,EPH,,EPHB4,P54760
449,TK,EPH,,EPHB6,O15197
450,TK,FAK,,,
451,TK,FAK,,PTK2 (FAK),Q05397
452,TK,FAK,,PTK2B (PYK2),Q14289
453,TK,FER,,,
454,TK,FER,,FER,P16591
455,TK,FER,,FES,P07332
456,TK,FGFR,,,
457,TK,FGFR,,FGFR1,P11362
458,TK,FGFR,,FGFR2,P21802
459,TK,FGFR,,FGFR3,P22607
460,TK,FGFR,,FGFR4,P22455
461,TK,INSR,,,
462,TK,INSR,,IGF1R,P08069
463,TK,INSR,,INSR,P06213
464,TK,INSR,,INSRR (IRR),P14616
465,TK,JAK,,,
466,TK,JAK,,JAK1,P23458
467,TK,JAK,,JAK2,O60674
468,TK,JAK,,JAK3,P52333
469,TK,JAK,,TYK2,P29597
470,TK,JAKb,,,
471,TK,JAKb,,JAK1-b (JAK1~b),P23458
472,TK,JAKb,,JAK2-b (JAK2~b),O60674
473,TK,JAKb,,JAK3-b (JAK3~b),P52333
474,TK,JAKb,,TYK2-b (Tyk2~b),P29597
475,TK,LMR,,,
476,TK,LMR,,AATK (Lmr1),Q6ZMQ8
477,TK,LMR,,LMTK2 (Lmr2),Q8IWU2
478,TK,LMR,,LMTK3 (Lmr3),Q96Q04
479,TK,MET,,,
480,TK,MET,,MET,P08581
481,TK,MET,,MST1R (Ron),Q04912
482,TK,MUSK,,,
483,TK,MUSK,,MUSK,O15146
484,TK,PDGFR,,,
485,TK,PDGFR,,CSF1R (FmS),P07333
486,TK,PDGFR,,FLT3,P36888
487,TK,PDGFR,,KIT,P10721
488,TK,PDGFR,,PDGFRA (PDGFRα),P16234
489,TK,PDGFR,,PDGFRB (PDGFRβ),P09619
490,TK,RET,,,
491,TK,RET,,RET,P07949
492,TK,ROR,,,
493,TK,ROR,,ROR1,Q01973
494,TK,ROR,,ROR2,Q01974
495,TK,RYK,,,
496,TK,RYK,,RYK,P34925
497,TK,SEV,,,
498,TK,SEV,,ROS1 (Ros),P08922
499,TK,SRC,,,
500,TK,SRC,Frk,,
501,TK,SRC,Frk,FRK,P42685
502,TK,SRC,SrcA,,
503,TK,SRC,SrcA,FGR,P09769
504,TK,SRC,SrcA,FYN,P06241
505,TK,SRC,SrcA,SRC,P12931
506,TK,SRC,SrcA,YES1 (Yes),P07947
507,TK,SRC,SrcB,,
508,TK,SRC,SrcB,BLK,P51451
509,TK,SRC,SrcB,HCK,P08631
510,TK,SRC,SrcB,LCK,P06239
511,TK,SRC,SrcB,LYN,P07948
512,TK,SRC,SRM,,
513,TK,SRC,SRM,PTK6 (Brk),Q13882
514,TK,SRC,SRM,SRMS (Srm),Q9H3Y6
515,TK,SYK,,,
516,TK,SYK,,SYK,P43405
517,TK,SYK,,ZAP70,P43403
518,TK,TEC,,,
519,TK,TEC,,BMX (Etk),P51813
520,TK,TEC,,BTK,Q06187
521,TK,TEC,,ITK,Q08881
522,TK,TEC,,TEC,P42680
523,TK,TEC,,TXK,P42681
524,TK,TIE,,,
525,TK,TIE,,TEK (TIE2),Q02763
526,TK,TIE,,TIE1,P35590
527,TK,TRK,,,
528,TK,TRK,,NTRK1 (TRKA),P04629
529,TK,TRK,,NTRK2 (TRKB),Q16620
530,TK,TRK,,NTRK3 (TRKC),Q16288
531,TK,VEGFR,,,
532,TK,VEGFR,,FLT1,P17948
533,TK,VEGFR,,FLT4,P35916
534,TK,VEGFR,,KDR,P35968
535,TK,TK-Unique,,,
536,TK,TK-Unique,,STYK1 (SuRTK106),Q6J9G0
537,TKL,IRAK,,,
538,TKL,IRAK,,IRAK1,P51617
539,TKL,IRAK,,IRAK2,O43187
540,TKL,IRAK,,IRAK3,Q9Y616
541,TKL,IRAK,,IRAK4,Q9NWZ3
542,TKL,LISK,,,
543,TKL,LISK,LIMK,,
544,TKL,LISK,LIMK,LIMK1,P53667
545,TKL,LISK,LIMK,LIMK2,P53671
546,TKL,LISK,TESK,,
547,TKL,LISK,TESK,TESK1,Q15569
548,TKL,LISK,TESK,TESK2,Q96S53
549,TKL,LRRK,,,
550,TKL,LRRK,,LRRK1,Q38SD2
551,TKL,LRRK,,LRRK2,Q5S007
552,TKL,MLK,,,
553,TKL,MLK,HH498,,
554,TKL,MLK,HH498,TNNI3K (HH498),Q59H18
555,TKL,MLK,ILK,,
556,TKL,MLK,ILK,ILK,Q13418
557,TKL,MLK,LZK,,
558,TKL,MLK,LZK,MAP3K12 (DLK),Q12852
559,TKL,MLK,LZK,MAP3K13 (LZK),O43283
560,TKL,MLK,MLK,,
561,TKL,MLK,MLK,MAP3K9 (MLK1),P80192
562,TKL,MLK,MLK,MAP3K10 (MLK2),Q02779
563,TKL,MLK,MLK,MAP3K11 (MLK3),Q16584
564,TKL,MLK,MLK,MAP3K21 (MLK4),Q5TCX8
565,TKL,MLK,TAK1,,
566,TKL,MLK,TAK1,MAP3K7 (TAK1),O43318
567,TKL,MLK,ZAK,,
568,TKL,MLK,ZAK,MAP3K20 (ZAK),Q9NYL2
569,TKL,RAF,,,
570,TKL,RAF,KSR,,
571,TKL,RAF,KSR,KSR1 (KSR),Q8IVT5
572,TKL,RAF,KSR,KSR2,Q6VAB6
573,TKL,RAF,RAF,,
574,TKL,RAF,RAF,ARAF,P10398
575,TKL,RAF,RAF,BRAF,P15056
576,TKL,RAF,RAF,RAF1,P04049
577,TKL,RIPK,,,
578,TKL,RIPK,,ANKK1 (SgK288),Q8NFD2
579,TKL,RIPK,,RIPK1,Q13546
580,TKL,RIPK,,RIPK2,O43353
581,TKL,RIPK,,RIPK3,Q9Y572
582,TKL,RIPK,,RIPK4 (ANKRD3),P57078
583,TKL,STKR,,,
584,TKL,STKR,STKR1,,
585,TKL,STKR,STKR1,ACVR1 (ALK2),Q04771
586,TKL,STKR,STKR1,ACVR1B (ALK4),P36896
587,TKL,STKR,STKR1,ACVR1C (ALK7),Q8NER5
588,TKL,STKR,STKR1,ACVRL1 (ALK1),P37023
589,TKL,STKR,STKR1,BMPR1A,P36894
590,TKL,STKR,STKR1,BMPR1B,O00238
591,TKL,STKR,STKR1,TGFBR1 (TGFβR1),P36897
592,TKL,STKR,STKR2,,
593,TKL,STKR,STKR2,ACVR2A (ACtR2),P27037
594,TKL,STKR,STKR2,ACVR2B (ACtR2B),Q13705
595,TKL,STKR,STKR2,AMHR2 (MISR2),Q16671
596,TKL,STKR,STKR2,BMPR2,Q13873
597,TKL,STKR,STKR2,TGFBR2 (TGFβR2),P37173
598,TKL,TKL-Unique,,,
599,TKL,TKL-Unique,,MLKL,Q8NB16
600,RGC,GUCY2C (HSER),,,
601,RGC,GUCY2D (CYGD),,,
602,RGC,GUCY2F (CYGF),,,
603,RGC,NPR1 (ANPα),,,
604,RGC,NPR2 (ANPβ),,,
605,Other,AUR,,,
606,Other,AUR,,AURKA (AurA),O14965
607,Other,AUR,,AURKB (AurB),Q96GD4
608,Other,AUR,,AURKC (AurC),Q9UQB9
609,Other,BUB,,,
610,Other,BUB,,BUB1,O43683
611,Other,BUB,,BUB1B (BubR1),O60566
612,Other,CAMKK,,,
613,Other,CAMKK,CAMKK-Meta,,
614,Other,CAMKK,CAMKK-Meta,CAMKK1,Q8N5S9
615,Other,CAMKK,CAMKK-Meta,CAMKK2,Q96RR4
616,Other,CDC7,,,
617,Other,CDC7,,CDC7,O00311
618,Other,Dusty,,,
619,Other,Dusty,,DSTYK (SgK496),Q6XUX3
620,Other,HASPIN,,,
621,Other,HASPIN,,HASPIN,Q8TF76
622,Other,IKK,,,
623,Other,IKK,,CHUK (IKKα),O15111
624,Other,IKK,,IKBKB (IKKβ),O14920
625,Other,IKK,,IKBKE (IKKε),Q14164
626,Other,IKK,,TBK1,Q9UHD2
627,Other,IRE,,,
628,Other,IRE,,ERN1 (IRE1),O75460
629,Other,IRE,,ERN2 (IRE2),Q76MJ5
630,Other,KIS,,,
631,Other,KIS,,UHMK1 (KIS),Q8TAS1
632,Other,MOS,,,
633,Other,MOS,,MOS,P00540
634,Other,NAK,,,
635,Other,NAK,BIKE,,
636,Other,NAK,BIKE,AAK1,Q2M2I8
637,Other,NAK,BIKE,BMP2K (BIKE),Q9NSY1
638,Other,NAK,GAK,,
639,Other,NAK,GAK,GAK,O14976
640,Other,NAK,MPSK,,
641,Other,NAK,MPSK,STK16 (MPSK1),O75716
642,Other,NEK,,,
643,Other,NEK,NEK1,,
644,Other,NEK,NEK1,NEK1,Q96PY6
645,Other,NEK,NEK1,NEK3,P51956
646,Other,NEK,NEK1,NEK5,Q6P3R8
647,Other,NEK,NEK2,,
648,Other,NEK,NEK2,NEK2,P51955
649,Other,NEK,NEK4,,
650,Other,NEK,NEK4,NEK4,P51957
651,Other,NEK,NEK6,,
652,Other,NEK,NEK6,NEK6,Q9HC98
653,Other,NEK,NEK6,NEK7,Q8TDX7
654,Other,NEK,NEK8,,
655,Other,NEK,NEK8,NEK8,Q86SG6
656,Other,NEK,NEK9,,
657,Other,NEK,NEK9,NEK9,Q8TD19
658,Other,NEK,NEK10,,
659,Other,NEK,NEK10,NEK10,Q6ZWH5
660,Other,NEK,NEK11,,
661,Other,NEK,NEK11,NEK11,Q8NG66
662,Other,NKF1,,,
663,Other,NKF1,,SBK1 (SBK),Q52WX2
664,Other,NKF1,,SBK2 (SgK069),P0C263
665,Other,NKF1,,SBK3 (SgK110),P0C264
666,Other,NKF2,,,
667,Other,NKF2,,PINK1,Q9BXM7
668,Other,NKF3,,,
669,Other,NKF3,,PEAK1 (SgK269),Q9H792
670,Other,NKF3,,PEAK3,Q6ZS72
671,Other,NKF3,,PRAG1 (SgK223),Q86YV5
672,Other,NKF4,,,
673,Other,NKF4,,PDIK1L (CLIK1L),Q8N165
674,Other,NKF4,,STK35 (CLIK1),Q8TDR2
675,Other,NKF5,,,
676,Other,NKF5,,TEX14 (SgK307),Q8IWB6
677,Other,NRBP,,,
678,Other,NRBP,,NRBP1,Q9UHY1
679,Other,NRBP,,NRBP2,Q9NSY0
680,Other,PAN3,,,
681,Other,PAN3,,PAN3,Q58A45
682,Other,PEK,,,
683,Other,PEK,GCN2,,
684,Other,PEK,GCN2,EIF2AK4 (GCN2),Q9P2K8
685,Other,PEK,HRI,,
686,Other,PEK,HRI,EIF2AK1 (HRI),Q9BQI3
687,Other,PEK,PEK,,
688,Other,PEK,PEK,EIF2AK3 (PEK),Q9NZJ5
689,Other,PEK,PKR,,
690,Other,PEK,PKR,EIF2AK2 (PKR),P19525
691,Other,PLK,,,
692,Other,PLK,PLK1,,
693,Other,PLK,PLK1,PLK1,P53350
694,Other,PLK,PLK2,,
695,Other,PLK,PLK2,PLK2,Q9NYY3
696,Other,PLK,PLK2,PLK3,Q9H4B4
697,Other,PLK,PLK2,PLK5,Q496M5
698,Other,PLK,SAK,,
699,Other,PLK,SAK,PLK4,O00444
700,Other,SCY1,,,
701,Other,SCY1,,SCYL1,Q96KG9
702,Other,SCY1,,SCYL2,Q6P3W7
703,Other,SCY1,,SCYL3,Q8IZE3
704,Other,SGK071,,,
705,Other,SGK071,,STKLD1 (SgK071),Q8NE28
706,Other,SGK493,,,
707,Other,SGK493,,PKDCC (SgK493),Q504Y2
708,Other,SLOB,,,
709,Other,SLOB,,PXK (Slob),Q7Z7A4
710,Other,TBCK,,,
711,Other,TBCK,,TBCK,Q8TEA7
712,Other,TLK,,,
713,Other,TLK,,TLK1,Q9UKI8
714,Other,TLK,,TLK2,Q86UE8
715,Other,TOPK,,,
716,Other,TOPK,,PBK,Q96KB5
717,Other,TTK,,,
718,Other,TTK,,TTK,P33981
719,Other,ULK,,,
720,Other,ULK,Fused,,
721,Other,ULK,Fused,STK36 (Fused),Q9NRP7
722,Other,ULK,ULK,,
723,Other,ULK,ULK,ULK1,O75385
724,Other,ULK,ULK,ULK2,Q8IYT8
725,Other,ULK,ULK,ULK3,Q6PHR2
726,Other,ULK,ULK,ULK4,Q96C45
727,Other,VPS15,,,
728,Other,VPS15,,PIK3R4,Q99570
729,Other,WEE,,,
730,Other,WEE,Myt1,,
731,Other,WEE,Myt1,PKMYT1 (MYT1),Q99640
732,Other,WEE,WEE1,,
733,Other,WEE,WEE1,WEE1,P30291
734,Other,WEE,WEE1,WEE2 (Wee1B),P0C1S8
735,Other,WNK,,,
736,Other,WNK,,WNK1,Q9H4A3
737,Other,WNK,,WNK2,Q9Y3S1
738,Other,WNK,,WNK3,Q9BYP7
739,Other,WNK,,WNK4,Q96J92
740,Other,Other-Unique,,,
741,Other,Other-Unique,,POMK (SgK196),Q9H5K3
742,Other,Other-Unique,,RNASEL,Q05823
743,Other,Other-Unique,,STK31 (SgK396),Q9BXU1
744,Atypical,Alpha,,,
745,Atypical,Alpha,ChaK,,
746,Atypical,Alpha,ChaK,TRPM6 (Chak2),Q9BX84
747,Atypical,Alpha,ChaK,TRPM7 (Chak1),Q96QT4
748,Atypical,Alpha,EEF2K,,
749,Atypical,Alpha,EEF2K,EEF2K,O00418
750,Atypical,Alpha,,ALPK1 (AlphaK1),Q96QP1
751,Atypical,Alpha,,ALPK2 (AlphaK2),Q86TB3
752,Atypical,Alpha,,ALPK3 (AlphaK3),Q96L96
753,Atypical,FJ,,,
754,Atypical,FJ,,FAM20A,Q96MK3
755,Atypical,FJ,,FAM20B,O75063
756,Atypical,FJ,,FAM20C,Q8IXL6
757,Atypical,IPK,,,
758,Atypical,IPK,,IPMK,Q8NFU5
759,Atypical,IPK,,ITPKA,P23677
760,Atypical,IPK,,ITPKB,P27987
761,Atypical,PI3-PI4,,,
762,Atypical,PI3-PI4,,PI4K2A,Q9BTU6
763,Atypical,PI3-PI4,,PI4KA,P42356
764,Atypical,PI3-PI4,,PI4KB,Q9UBF8
765,Atypical,PI3-PI4,,PIK3C2A,O00443
766,Atypical,PI3-PI4,,PIK3C2B,O00750
767,Atypical,PI3-PI4,,PIK3C2G,O75747
768,Atypical,PI3-PI4,,PIK3C3,Q8NEB9
769,Atypical,PI3-PI4,,PIK3CA,P42336
770,Atypical,PI3-PI4,,PIK3CB,P42338
771,Atypical,PI3-PI4,,PIK3CD,O00329
772,Atypical,PI3-PI4,,PIK3CG,P48736
773,Atypical,PIKK,,,
774,Atypical,PIKK,ATM,,
775,Atypical,PIKK,ATM,ATM,Q13315
776,Atypical,PIKK,ATR,,
777,Atypical,PIKK,ATR,ATR,Q13535
778,Atypical,PIKK,DNAPK,,
779,Atypical,PIKK,DNAPK,PRKDC (DNAPK),P78527
780,Atypical,PIKK,FRAP,,
781,Atypical,PIKK,FRAP,MTOR (FRAP),P42345
782,Atypical,PIKK,SMG1,,
783,Atypical,PIKK,SMG1,SMG1,Q96Q15
784,Atypical,PIKK,TRRAP,,
785,Atypical,PIKK,TRRAP,TRRAP,Q9Y4A5
786,Atypical,Atypical-Unique,,,
787,Atypical,Atypical-Unique,,IP6K1,Q92551
788,Atypical,Atypical-Unique,,IP6K2,Q9UHH9
789,Atypical,Atypical-Unique,,IP6K3,Q96PC2
790,Atypical,Atypical-Unique,,IPPK,Q9H8X2
791,Atypical,Atypical-Unique,,ITPKC,Q96DU7
792,Atypical,Atypical-Unique,,PI4K2B,Q8TCG2
793,Atypical,Atypical-Unique,,PIKFYVE,Q9Y2I7
794,Atypical,Atypical-Unique,,PIP4K2A,P48426
795,Atypical,Atypical-Unique,,PIP4K2B,P78356
796,Atypical,Atypical-Unique,,PIP4K2C,Q8TBX8
797,Atypical,Atypical-Unique,,PIP5K1A,Q99755
798,Atypical,Atypical-Unique,,PIP5K1B,O14986
799,Atypical,Atypical-Unique,,PIP5K1C,O60331
800,Atypical,Atypical-Unique,,PIP5KL1,Q5T9C9
801,Euk-like,ABC1,,,
802,Euk-like,ABC1,ABC1-A,,
803,Euk-like,ABC1,ABC1-A,COQ8A (ADCK3),Q8NI60
804,Euk-like,ABC1,ABC1-A,COQ8B (ADCK4),Q96D53
805,Euk-like,ABC1,ABC1-B,,
806,Euk-like,ABC1,ABC1-B,ADCK1,Q86TW2
807,Euk-like,ABC1,ABC1-C,,
808,Euk-like,ABC1,ABC1-C,ADCK2,Q7Z695
809,Euk-like,ABC1,ABC1-D,,
810,Euk-like,ABC1,ABC1-D,ADCK5,Q3MIX3
811,Euk-like,BUD32,,,
812,Euk-like,BUD32,,TP53RK (PRPK),Q96S44
813,Euk-like,Choline,,,
814,Euk-like,Choline,,CHKA,P35790
815,Euk-like,Choline,,CHKB,Q9Y259
816,Euk-like,RIO,,,
817,Euk-like,RIO,RIO1,,
818,Euk-like,RIO,RIO1,RIOK1,Q9BRS2
819,Euk-like,RIO,RIO2,,
820,Euk-like,RIO,RIO2,RIOK2,Q9BVS4
821,Euk-like,RIO,RIO3,,
822,Euk-like,RIO,RIO3,RIOK3,O14730
823,Euk-like,Euk-like-Unique,,,
824,Euk-like,Euk-like-Unique,,ACAD10,Q6JQN1
825,Euk-like,Euk-like-Unique,,ACAD11,Q709F0
826,Euk-like,Euk-like-Unique,,ETNK1,Q9HBU6
827,Euk-like,Euk-like-Unique,,ETNK2,Q9NVF9
828,Euk-like,Euk-like-Unique,,FN3K,Q9H479
829,Euk-like,Euk-like-Unique,,FN3KRP,Q9HA64
830,Euk-like,Euk-like-Unique,,HYKK,A2RU49
831,Euk-like,Euk-like-Unique,,SELENOO,Q9BVL4
